John,Brown,61,153,Female
Sarah,Miller,62,284,Female
John,Wilson,51,254,Male
John,Smith,43,247,Female
Amanda,Williams,22,233,Female
David,Taylor,43,183,Female
Christopher,Davis,48,216,Male
Christopher,Taylor,50,156,Male
Sarah,Williams,23,233,Male
Michael,Davis,19,190,Male
Robert,Davis,58,235,Female
Robert,Moore,21,122,Female
Christopher,Davis,40,166,Male
Jane,Miller,20,248,Male
Amanda,Davis,62,148,Male
Jane,Johnson,43,119,Female
Robert,Moore,53,269,Female
Amanda,Taylor,59,164,Male
Amanda,Moore,34,223,Female
Jane,Smith,25,176,Female
David,Davis,43,245,Female
Jane,Williams,52,270,Male
Robert,Brown,52,251,Male
Emily,Wilson,28,144,Male
Michael,Davis,52,237,Male
Jane,Johnson,45,158,Female
Amanda,Miller,60,210,Female
Sarah,Williams,59,185,Female
Sarah,Jones,58,176,Female
Jessica,Taylor,64,148,Female
Emily,Jones,63,182,Female
Sarah,Taylor,56,184,Female
Emily,Johnson,22,114,Male
Amanda,Wilson,56,126,Male
John,Jones,45,106,Male
Michael,Smith,24,153,Male
David,Davis,53,267,Female
Jane,Jones,56,147,Male
Michael,Brown,27,282,Female
Emily,Jones,35,272,Male
Christopher,Davis,47,277,Male
Jane,Miller,65,127,Female
Amanda,Williams,45,158,Female
Amanda,Taylor,61,199,Male
Jessica,Smith,64,232,Male
David,Davis,21,281,Male
Jane,Smith,69,245,Female
Jane,Davis,40,193,Female
Michael,Smith,49,273,Male
Michael,Johnson,30,138,Female
Christopher,Smith,47,200,Male
Robert,Taylor,26,116,Female
David,Williams,49,104,Male
Jessica,Wilson,39,258,Male
Robert,Moore,70,193,Female
Jane,Smith,55,270,Female
Christopher,Williams,62,208,Male
Michael,Taylor,35,174,Female
David,Miller,65,266,Male
Robert,Johnson,62,173,Male
Sarah,Wilson,57,128,Female
Jessica,Davis,64,275,Female
David,Taylor,20,136,Male
Emily,Jones,35,270,Female
Amanda,Davis,68,179,Male
Christopher,Miller,54,155,Female
Jessica,Jones,24,212,Male
John,Taylor,54,221,Female
Amanda,Wilson,26,297,Male
Robert,Wilson,31,296,Female
Michael,Brown,20,272,Female
David,Johnson,27,278,Male
Robert,Moore,49,175,Female
Christopher,Smith,69,293,Male
Christopher,Moore,54,261,Female
Robert,Jones,35,288,Female
Amanda,Wilson,45,286,Male
Jane,Miller,69,179,Female
Jessica,Johnson,30,102,Male
Christopher,Jones,34,114,Male
Jane,Davis,18,227,Female
Amanda,Moore,36,221,Female
John,Moore,61,223,Female
Sarah,Wilson,32,226,Female
David,Jones,46,167,Male
Sarah,Wilson,21,181,Male
Jessica,Davis,52,232,Female
Jane,Wilson,40,156,Male
Jessica,Moore,43,299,Male
David,Johnson,42,255,Female
Robert,Johnson,24,210,Male
Michael,Moore,70,138,Male
Emily,Williams,20,127,Female
Emily,Miller,47,279,Male
Jessica,Jones,67,172,Female
Emily,Davis,58,151,Male
Michael,Taylor,36,103,Female
Sarah,Williams,26,233,Male
John,Moore,58,172,Female
Robert,Williams,48,161,Female
Jessica,Taylor,25,275,Male
Jessica,Brown,66,276,Female
Jessica,Johnson,64,176,Female
Sarah,Williams,46,253,Male
Christopher,Taylor,62,222,Male
David,Brown,51,280,Female
Amanda,Williams,37,296,Male
Jessica,Taylor,46,144,Male
Michael,Wilson,48,271,Female
David,Williams,38,224,Male
John,Brown,30,133,Male
Emily,Jones,25,245,Female
Jane,Jones,47,141,Male
Emily,Williams,30,130,Male
Sarah,Davis,23,299,Male
Christopher,Brown,25,226,Male
Emily,Jones,25,234,Female
Robert,Wilson,36,139,Male
Christopher,Johnson,50,222,Male
Jane,Taylor,25,254,Male
Amanda,Smith,37,147,Female
Jessica,Davis,67,188,Female
Jane,Taylor,61,260,Female
Robert,Moore,45,154,Male
Jessica,Johnson,67,274,Female
Christopher,Brown,46,195,Male
David,Moore,39,139,Male
Amanda,Brown,21,240,Male
Christopher,Davis,33,151,Female
Robert,Davis,28,270,Female
David,Brown,26,185,Male
David,Taylor,38,259,Male
David,Taylor,68,226,Female
Sarah,Wilson,69,118,Male
Emily,Taylor,61,216,Female
Michael,Wilson,29,174,Male
David,Davis,24,191,Male
Robert,Miller,32,255,Male
Jessica,Moore,40,120,Male
Amanda,Wilson,42,298,Male
Robert,Davis,28,168,Male
Sarah,Wilson,27,233,Male
Sarah,Taylor,23,268,Male
Jessica,Brown,59,102,Female
Jane,Smith,36,226,Female
Sarah,Moore,61,215,Male
Amanda,Davis,49,288,Female
David,Wilson,57,103,Male
David,Johnson,24,227,Male
Amanda,Wilson,52,211,Female
Emily,Jones,21,156,Male
David,Miller,33,272,Female
John,Jones,69,181,Male
John,Jones,34,231,Female
John,Williams,69,159,Male
Sarah,Jones,63,185,Male
Christopher,Moore,56,225,Female
Jane,Davis,56,245,Female
Christopher,Davis,19,194,Female
Amanda,Davis,45,241,Female
John,Brown,66,138,Female
Amanda,Jones,47,223,Male
Sarah,Jones,59,142,Female
Sarah,Williams,24,127,Female
Emily,Davis,59,172,Male
Amanda,Davis,24,115,Male
David,Jones,59,286,Male
Emily,Davis,35,266,Female
Sarah,Johnson,60,108,Female
Jane,Davis,32,278,Male
Sarah,Wilson,18,109,Male
Sarah,Miller,39,240,Female
David,Johnson,52,239,Male
Sarah,Williams,49,150,Male
Jessica,Johnson,28,140,Male
Michael,Davis,25,226,Female
Michael,Brown,20,123,Female
Christopher,Johnson,51,158,Female
Emily,Davis,63,182,Male
Sarah,Brown,31,170,Female
Robert,Jones,28,251,Male
Sarah,Williams,25,147,Female
Amanda,Davis,41,224,Male
Michael,Davis,34,104,Female
Amanda,Davis,47,104,Male
Robert,Smith,30,255,Male
Amanda,Miller,63,135,Male
John,Moore,29,176,Female
Emily,Brown,33,114,Female
Michael,Miller,37,194,Male
Emily,Jones,19,137,Female
Emily,Wilson,35,277,Female
Jane,Taylor,46,229,Female
Sarah,Wilson,34,210,Female
John,Miller,41,268,Female
Amanda,Johnson,37,140,Male
John,Smith,55,131,Male
Amanda,Davis,50,248,Male
Emily,Johnson,56,181,Female
Christopher,Smith,19,198,Female
John,Brown,37,201,Male
Michael,Taylor,20,222,Male
Jessica,Smith,49,273,Male
Michael,Brown,23,299,Male
Amanda,Jones,37,145,Male
Jessica,Jones,36,295,Female
Emily,Davis,21,154,Female
Amanda,Davis,23,103,Male
Michael,Moore,25,282,Male
Christopher,Johnson,58,211,Female
Christopher,Davis,24,130,Male
Robert,Wilson,34,113,Male
Christopher,Moore,49,157,Male
Sarah,Johnson,22,268,Female
Michael,Johnson,22,102,Female
Jane,Moore,64,157,Male
Robert,Williams,19,194,Female
Sarah,Brown,50,251,Female
Jessica,Jones,28,153,Female
Sarah,Davis,62,249,Male
Emily,Smith,37,237,Male
Emily,Miller,36,299,Female
David,Johnson,43,265,Male
Amanda,Miller,28,113,Male
Emily,Wilson,30,164,Male
John,Johnson,43,235,Female
John,Smith,50,279,Female
Amanda,Taylor,37,244,Female
David,Davis,24,199,Male
John,Moore,58,139,Male
Sarah,Johnson,70,202,Female
David,Wilson,52,204,Female
Emily,Williams,52,119,Male
Emily,Johnson,52,122,Male
Jessica,Johnson,48,298,Female
Jane,Jones,19,136,Female
Michael,Smith,69,285,Male
Emily,Williams,70,268,Female
David,Williams,66,124,Male
Sarah,Brown,25,252,Female
Jane,Wilson,62,252,Female
Amanda,Johnson,34,196,Female
Jessica,Smith,20,237,Male
Sarah,Davis,67,248,Male
Michael,Jones,44,146,Male
David,Johnson,57,104,Female
Jessica,Wilson,48,215,Female
Robert,Miller,39,110,Female
David,Jones,29,298,Male
Jessica,Moore,45,166,Female
Jane,Davis,37,103,Female
Michael,Davis,49,282,Female
Jane,Miller,47,187,Female
Amanda,Johnson,39,281,Male
Jessica,Smith,50,249,Male
Jane,Wilson,49,178,Male
Robert,Davis,70,297,Male
John,Brown,60,109,Female
David,Johnson,26,257,Female
David,Wilson,32,265,Female
David,Johnson,28,261,Male
Christopher,Smith,54,188,Female
Christopher,Brown,27,277,Male
David,Jones,42,229,Male
Michael,Smith,52,299,Male
Emily,Taylor,28,188,Male
Emily,Smith,52,252,Female
Sarah,Wilson,40,281,Female
Jessica,Smith,68,161,Male
Robert,Smith,56,151,Male
Emily,Davis,66,114,Female
Amanda,Smith,30,210,Male
Jane,Johnson,56,207,Female
Jessica,Davis,26,157,Male
Amanda,Taylor,28,150,Male
Jessica,Johnson,57,188,Male
David,Jones,46,288,Male
Emily,Moore,36,299,Male
Michael,Taylor,35,142,Female
Jane,Brown,47,238,Male
Robert,Williams,53,139,Female
Jessica,Davis,18,144,Male
Sarah,Wilson,40,194,Female
Robert,Moore,18,110,Female
Emily,Johnson,48,123,Female
John,Brown,31,116,Female
Christopher,Johnson,43,133,Male
David,Moore,33,284,Male
Christopher,Wilson,38,188,Female
Robert,Williams,43,214,Female
Christopher,Wilson,25,262,Male
David,Williams,18,268,Female
Emily,Taylor,32,209,Female
Emily,Wilson,68,237,Male
Jessica,Davis,30,257,Male
Jessica,Miller,55,147,Male
Jessica,Brown,19,132,Male
Emily,Davis,34,116,Male
David,Moore,39,145,Male
Amanda,Miller,69,225,Female
Michael,Taylor,55,233,Male
Jessica,Miller,57,109,Female
Sarah,Wilson,27,205,Female
Emily,Miller,55,191,Female
Amanda,Williams,41,199,Male
Sarah,Miller,51,144,Female
Jessica,Johnson,68,286,Female
Sarah,Miller,29,276,Male
Amanda,Johnson,53,196,Male
Sarah,Miller,66,209,Female
Robert,Taylor,24,220,Female
Robert,Jones,43,229,Female
Sarah,Davis,69,166,Female
Christopher,Johnson,35,105,Female
John,Davis,35,225,Female
Emily,Davis,18,126,Female
Christopher,Wilson,39,158,Male
Jessica,Jones,49,275,Male
Jessica,Wilson,21,148,Male
Jane,Wilson,44,149,Male
Emily,Jones,24,248,Male
Robert,Brown,22,159,Male
Jane,Williams,46,108,Female
Robert,Williams,21,267,Male
Emily,Jones,52,180,Female
Emily,Jones,65,238,Female
David,Davis,48,102,Female
Robert,Johnson,30,172,Male
John,Moore,61,154,Female
David,Smith,62,191,Female
Michael,Moore,29,294,Female
Amanda,Johnson,50,231,Male
Amanda,Miller,42,284,Female
Emily,Smith,33,265,Male
David,Taylor,37,246,Male
Michael,Jones,22,187,Male
Sarah,Brown,48,297,Male
Amanda,Johnson,20,139,Female
Michael,Miller,55,228,Male
John,Jones,25,173,Female
Emily,Wilson,44,187,Male
Jane,Miller,60,290,Female
Robert,Brown,60,111,Male
David,Miller,32,118,Male
David,Miller,38,252,Female
Jessica,Davis,23,244,Male
Christopher,Smith,44,190,Male
Michael,Wilson,50,140,Male
Michael,Davis,43,176,Male
Michael,Wilson,61,175,Female
Michael,Smith,23,231,Male
Michael,Moore,25,159,Male
Jessica,Brown,42,131,Female
Christopher,Moore,62,163,Female
Robert,Davis,50,244,Female
Jane,Davis,65,257,Male
Michael,Jones,25,236,Female
John,Taylor,29,184,Male
Jane,Johnson,22,231,Female
Amanda,Taylor,69,178,Male
John,Jones,34,155,Female
Amanda,Taylor,30,201,Male
Jessica,Moore,70,158,Female
John,Brown,20,288,Male
Jessica,Miller,21,283,Male
Emily,Taylor,68,158,Female
David,Johnson,26,162,Male
Robert,Taylor,69,141,Female
Sarah,Miller,47,220,Female
Christopher,Moore,56,213,Female
David,Wilson,64,166,Male
John,Davis,30,270,Female
Robert,Davis,28,119,Female
Jane,Miller,53,199,Male
Emily,Davis,46,167,Male
Jane,Smith,35,200,Male
Jessica,Brown,62,178,Female
Emily,Brown,37,232,Male
Michael,Johnson,39,126,Male
John,Williams,67,219,Male
Jane,Taylor,32,189,Male
Michael,Davis,48,143,Male
David,Smith,50,204,Female
Michael,Jones,52,293,Male
John,Davis,54,186,Male
Robert,Miller,68,201,Male
Amanda,Jones,33,248,Female
Jane,Jones,62,138,Female
Christopher,Wilson,22,181,Male
Sarah,Taylor,50,122,Male
Amanda,Davis,62,181,Female
Jessica,Brown,45,186,Male
John,Williams,30,225,Female
Amanda,Davis,41,279,Female
John,Jones,31,221,Male
Emily,Williams,59,187,Male
Robert,Jones,54,300,Male
David,Moore,56,273,Male
Robert,Davis,54,195,Male
Michael,Johnson,33,189,Female
Christopher,Miller,29,249,Male
Jane,Brown,57,212,Male
Sarah,Davis,65,138,Female
Jessica,Brown,22,285,Female
Michael,Smith,59,279,Female
Michael,Miller,22,175,Female
John,Davis,58,213,Male
Jessica,Johnson,35,267,Male
David,Johnson,59,243,Female
David,Davis,19,231,Male
Christopher,Smith,60,277,Male
Amanda,Miller,51,153,Female
Amanda,Davis,18,213,Female
Jane,Moore,31,109,Male
David,Miller,63,140,Male
Emily,Moore,38,160,Female
Emily,Davis,28,128,Male
Jane,Jones,32,123,Male
Jane,Wilson,40,248,Female
Jessica,Miller,18,281,Female
Christopher,Smith,49,188,Male
Amanda,Jones,21,295,Female
Robert,Brown,68,277,Male
Michael,Williams,18,277,Male
John,Moore,62,243,Female
Jane,Williams,68,197,Female
Jane,Davis,49,196,Female
Robert,Smith,63,127,Female
Jane,Davis,62,216,Female
Amanda,Wilson,41,271,Female
Christopher,Taylor,55,207,Female
Michael,Miller,30,237,Male
David,Smith,46,199,Male
Sarah,Davis,34,244,Male
John,Moore,57,224,Male
Jane,Miller,25,276,Male
Emily,Moore,69,159,Male
Jessica,Taylor,20,240,Male
David,Smith,55,123,Male
Michael,Brown,42,109,Female
Jane,Johnson,36,188,Male
Jessica,Wilson,47,118,Female
Amanda,Miller,18,163,Male
David,Williams,62,141,Male
Emily,Johnson,45,258,Male
Jane,Johnson,61,190,Female
Emily,Johnson,38,198,Male
Robert,Jones,41,232,Female
Christopher,Williams,24,111,Female
David,Moore,69,119,Female
Jane,Brown,18,160,Female
Jessica,Johnson,37,159,Female
David,Moore,51,169,Male
Amanda,Brown,29,136,Male
Michael,Miller,21,135,Female
Emily,Miller,34,250,Male
John,Jones,49,198,Female
Robert,Davis,57,223,Male
Sarah,Davis,61,169,Female
Jane,Taylor,38,161,Male
Jessica,Davis,40,143,Female
Christopher,Brown,45,140,Male
Amanda,Williams,53,208,Female
Jessica,Johnson,50,131,Male
Michael,Taylor,54,219,Female
Emily,Miller,44,261,Male
John,Davis,67,260,Female
David,Williams,60,286,Male
Amanda,Taylor,36,113,Male
Robert,Smith,39,189,Female
Michael,Williams,58,138,Male
Jessica,Wilson,48,116,Female
Jane,Smith,35,223,Female
Christopher,Smith,29,122,Female
John,Wilson,48,194,Male
Sarah,Davis,40,225,Female
John,Jones,52,116,Female
Amanda,Johnson,23,156,Female
John,Moore,21,199,Male
Michael,Williams,35,102,Male
Amanda,Jones,67,264,Female
Sarah,Miller,25,137,Male
Emily,Miller,50,193,Male
David,Davis,24,275,Female
Amanda,Wilson,22,172,Female
Amanda,Jones,26,176,Female
Amanda,Jones,32,265,Male
David,Moore,25,145,Male
Jessica,Smith,41,251,Male
David,Johnson,44,197,Female
Christopher,Wilson,57,281,Male
John,Miller,37,169,Male
Michael,Johnson,41,148,Male
Emily,Johnson,49,287,Male
Sarah,Taylor,24,179,Male
David,Davis,23,182,Female
Emily,Davis,25,292,Male
Amanda,Wilson,37,177,Female
Amanda,Johnson,58,110,Female
Michael,Jones,47,286,Male
Jessica,Jones,70,171,Female
Jessica,Wilson,32,270,Female
Jessica,Williams,52,132,Female
David,Williams,33,207,Female
Jane,Brown,68,248,Female
Jane,Davis,55,282,Female
Robert,Miller,37,103,Male
Jessica,Davis,33,191,Male
Sarah,Brown,24,212,Female
Christopher,Miller,36,255,Female
Sarah,Johnson,25,120,Female
Sarah,Jones,40,281,Male
Jane,Jones,31,253,Male
Michael,Smith,54,237,Male
Amanda,Moore,47,231,Female
Christopher,Johnson,55,264,Male
Emily,Jones,44,101,Male
Christopher,Smith,42,104,Male
David,Wilson,45,157,Female
Sarah,Jones,20,293,Male
Jessica,Davis,58,144,Female
Jessica,Smith,50,128,Female
Christopher,Brown,37,167,Male
John,Jones,18,187,Male
Jane,Moore,48,152,Female
Christopher,Davis,35,139,Male
David,Jones,55,201,Male
John,Miller,40,270,Male
David,Jones,40,187,Female
Amanda,Moore,43,291,Male
John,Taylor,46,122,Female
John,Moore,64,153,Male
Robert,Taylor,30,231,Female
Robert,Johnson,49,273,Male
Jane,Wilson,34,245,Female
David,Moore,50,240,Male
John,Brown,20,112,Female
Robert,Smith,27,166,Female
John,Williams,55,128,Male
Sarah,Taylor,43,177,Male
Michael,Johnson,67,205,Female
Jessica,Wilson,47,275,Female
Jessica,Brown,24,284,Female
David,Smith,19,168,Male
Amanda,Williams,52,162,Male
Sarah,Jones,56,165,Female
Robert,Jones,28,130,Male
David,Brown,70,123,Female
Sarah,Moore,68,173,Female
Emily,Williams,61,282,Female
Amanda,Brown,49,112,Female
Jessica,Brown,23,185,Male
David,Jones,36,247,Male
Michael,Miller,42,164,Female
David,Miller,33,249,Male
Michael,Jones,19,101,Female
Jessica,Wilson,46,139,Male
Emily,Johnson,21,133,Male
Sarah,Smith,41,194,Female
Robert,Jones,62,175,Male
Sarah,Jones,68,262,Female
Christopher,Brown,21,134,Female
John,Williams,47,172,Female
Emily,Jones,45,138,Female
Christopher,Johnson,18,215,Female
Christopher,Brown,69,175,Female
Sarah,Jones,65,239,Male
Christopher,Williams,44,106,Male
Sarah,Miller,56,247,Female
Robert,Miller,53,144,Male
Jessica,Wilson,31,124,Female
Emily,Williams,55,247,Female
David,Smith,56,117,Male
Jessica,Jones,18,246,Female
John,Taylor,44,288,Female
John,Taylor,54,171,Male
Sarah,Williams,25,236,Male
Amanda,Taylor,47,171,Male
Emily,Miller,24,220,Female
Emily,Moore,64,153,Male
Jessica,Wilson,33,107,Female
Christopher,Moore,69,282,Male
John,Miller,69,249,Female
David,Jones,28,175,Female
Sarah,Smith,53,180,Male
Emily,Johnson,33,221,Male
Amanda,Moore,31,239,Male
Robert,Johnson,36,159,Female
Amanda,Williams,67,202,Male
Robert,Williams,19,288,Female
Jessica,Jones,39,277,Male
Emily,Williams,55,183,Male
Sarah,Johnson,54,125,Female
Christopher,Wilson,57,190,Male
Jane,Wilson,34,121,Female
Christopher,Smith,52,172,Male
David,Miller,28,222,Female
Christopher,Wilson,19,186,Male
Amanda,Taylor,59,130,Female
Jessica,Johnson,58,114,Male
David,Taylor,56,267,Male
Amanda,Brown,53,156,Male
Amanda,Taylor,68,178,Female
Robert,Miller,65,280,Male
Robert,Jones,52,275,Female
Emily,Jones,60,103,Female
Christopher,Wilson,61,197,Male
Sarah,Moore,47,280,Male
Robert,Taylor,48,107,Male
Robert,Johnson,51,138,Male
Sarah,Taylor,58,142,Female
Jessica,Williams,35,299,Male
Amanda,Wilson,39,289,Male
Amanda,Miller,44,288,Male
Sarah,Smith,60,167,Female
John,Smith,54,152,Male
John,Moore,57,140,Female
Jane,Williams,28,268,Male
Amanda,Moore,22,111,Female
Robert,Smith,32,260,Female
Sarah,Wilson,46,159,Female
Jessica,Miller,43,224,Male
Jane,Johnson,57,162,Male
John,Davis,68,102,Female
Amanda,Davis,62,168,Female
Jessica,Johnson,46,113,Female
Michael,Taylor,28,165,Female
David,Jones,31,287,Female
David,Johnson,28,198,Male
Sarah,Brown,43,128,Female
Robert,Brown,39,230,Male
Jane,Taylor,62,142,Female
Christopher,Wilson,66,112,Male
Amanda,Davis,56,175,Male
Amanda,Smith,52,131,Female
Robert,Johnson,63,242,Female
Emily,Davis,23,290,Female
John,Davis,26,218,Male
Robert,Smith,35,203,Female
Amanda,Taylor,27,146,Female
Sarah,Wilson,43,139,Male
Jessica,Johnson,39,270,Male
David,Miller,70,185,Male
Sarah,Johnson,31,202,Female
Jane,Jones,31,164,Male
Jessica,Miller,46,172,Male
Jessica,Johnson,35,263,Female
Emily,Johnson,30,256,Male
Michael,Wilson,27,259,Male
Amanda,Jones,26,286,Male
Robert,Smith,53,195,Male
Sarah,Johnson,61,293,Female
Michael,Smith,38,257,Male
Michael,Smith,56,223,Male
Emily,Wilson,19,188,Female
Jane,Davis,58,223,Female
Michael,Wilson,34,251,Female
David,Wilson,61,189,Male
John,Williams,24,262,Female
Amanda,Miller,18,181,Male
Christopher,Smith,63,185,Male
Robert,Miller,49,172,Male
Michael,Davis,36,133,Male
Amanda,Taylor,59,132,Female
Emily,Brown,20,185,Female
Amanda,Johnson,24,279,Male
Robert,Smith,63,228,Male
John,Jones,42,195,Male
Jessica,Williams,60,183,Male
Amanda,Jones,30,183,Male
John,Moore,21,238,Male
Amanda,Moore,39,117,Female
Robert,Miller,45,190,Male
Amanda,Davis,67,141,Male
John,Miller,41,185,Male
Sarah,Smith,28,262,Female
Amanda,Moore,52,113,Male
Michael,Miller,66,138,Male
Jane,Johnson,37,150,Male
Emily,Wilson,36,160,Female
David,Jones,43,108,Male
Christopher,Smith,19,176,Male
Emily,Smith,18,287,Male
Amanda,Smith,53,284,Female
Amanda,Jones,51,181,Male
Emily,Moore,45,208,Male
Sarah,Smith,39,196,Female
John,Davis,28,300,Male
John,Smith,31,268,Male
Michael,Smith,59,182,Female
Christopher,Brown,36,174,Male
Emily,Smith,70,110,Male
David,Wilson,60,286,Female
Jane,Taylor,63,114,Male
Sarah,Jones,65,284,Female
Michael,Williams,70,271,Female
Christopher,Taylor,62,209,Female
Christopher,Williams,66,259,Female
Sarah,Johnson,68,212,Male
Christopher,Wilson,31,294,Male
John,Miller,52,100,Male
David,Jones,28,111,Female
Robert,Davis,30,209,Male
Michael,Miller,19,277,Male
Jane,Wilson,63,239,Female
Emily,Moore,26,127,Male
Michael,Davis,30,248,Female
John,Wilson,34,264,Male
Michael,Smith,63,289,Male
Jessica,Miller,30,139,Male
Emily,Davis,62,112,Male
Robert,Jones,44,229,Female
Michael,Johnson,24,182,Female
David,Smith,47,271,Male
John,Smith,54,197,Female
David,Miller,52,249,Female
Amanda,Moore,61,269,Female
Emily,Williams,43,111,Male
Jessica,Brown,60,254,Male
Michael,Moore,40,243,Female
David,Williams,66,286,Female
Emily,Moore,62,158,Male
Michael,Johnson,28,205,Male
Emily,Davis,59,262,Female
Robert,Davis,64,275,Male
Sarah,Davis,68,114,Male
Jessica,Smith,45,249,Male
Christopher,Johnson,29,129,Female
Michael,Miller,45,248,Female
Christopher,Moore,61,195,Male
Michael,Johnson,68,122,Female
Jane,Brown,25,165,Male
Amanda,Brown,48,161,Female
Emily,Taylor,22,217,Male
Michael,Wilson,21,285,Female
Michael,Moore,50,279,Male
Jane,Brown,22,250,Male
John,Smith,43,228,Male
Emily,Brown,53,114,Female
Emily,Brown,33,105,Female
David,Moore,32,209,Male
Robert,Williams,21,282,Male
Sarah,Williams,43,150,Female
Christopher,Williams,38,180,Male
Christopher,Johnson,46,279,Male
Emily,Brown,52,299,Male
Sarah,Johnson,25,201,Female
Michael,Johnson,26,198,Male
David,Moore,30,126,Female
Sarah,Taylor,61,129,Male
Amanda,Taylor,23,261,Male
Christopher,Davis,32,223,Male
Emily,Wilson,31,257,Female
Jane,Brown,39,202,Male
David,Smith,64,144,Male
Jessica,Taylor,29,111,Female
Amanda,Moore,24,292,Female
Jessica,Williams,69,111,Female
Michael,Miller,63,262,Male
David,Taylor,37,192,Female
Jessica,Taylor,46,166,Female
Emily,Brown,38,165,Male
Michael,Davis,18,256,Female
Michael,Smith,33,125,Male
Michael,Johnson,19,118,Male
Christopher,Brown,28,116,Female
Sarah,Taylor,37,108,Male
Michael,Johnson,46,241,Male
Jane,Smith,20,157,Male
Christopher,Johnson,70,115,Female
David,Davis,41,103,Male
Jane,Davis,18,106,Female
David,Taylor,62,266,Male
Emily,Taylor,44,248,Female
Christopher,Moore,59,112,Male
Christopher,Davis,54,207,Male
John,Jones,39,192,Female
Jane,Miller,44,215,Male
Christopher,Brown,31,191,Female
Michael,Johnson,70,103,Female
John,Jones,26,202,Female
Emily,Williams,47,252,Male
John,Taylor,57,280,Female
John,Jones,63,241,Female
David,Wilson,57,186,Male
John,Wilson,56,216,Male
Amanda,Johnson,21,128,Female
Amanda,Wilson,23,111,Male
Michael,Davis,30,171,Male
Emily,Johnson,59,186,Male
Jane,Jones,64,270,Female
Jane,Davis,48,195,Female
Sarah,Brown,44,254,Male
Robert,Miller,60,221,Female
Emily,Moore,50,290,Female
Sarah,Smith,18,245,Male
Michael,Johnson,37,285,Female
Sarah,Jones,38,186,Male
Robert,Williams,56,167,Female
Amanda,Moore,29,254,Male
John,Taylor,60,193,Male
Jane,Jones,33,247,Male
Jessica,Williams,21,132,Male
Emily,Taylor,65,154,Male
Christopher,Moore,22,267,Male
Jane,Johnson,22,242,Female
Emily,Wilson,35,220,Male
Jessica,Smith,51,194,Male
David,Davis,64,280,Male
Jane,Williams,57,107,Female
Sarah,Taylor,51,192,Male
Michael,Johnson,54,218,Female
Amanda,Williams,21,127,Female
Emily,Williams,62,136,Male
Christopher,Taylor,43,299,Female
Jane,Davis,25,275,Female
David,Davis,67,191,Male
Jessica,Johnson,68,139,Male
Michael,Davis,27,102,Male
Sarah,Jones,49,274,Male
Christopher,Davis,67,108,Male
Amanda,Smith,18,165,Male
Amanda,Moore,46,237,Male
Michael,Moore,49,163,Male
Amanda,Johnson,59,298,Male
Amanda,Wilson,22,115,Male
Amanda,Johnson,60,203,Male
Michael,Davis,22,219,Male
Jane,Taylor,43,290,Female
Michael,Johnson,56,186,Male
Amanda,Williams,33,234,Male
Jane,Smith,54,141,Male
Amanda,Moore,59,196,Female
David,Smith,28,238,Female
David,Brown,31,173,Female
John,Moore,70,224,Male
Michael,Moore,25,123,Male
Christopher,Jones,30,291,Female
Jessica,Wilson,25,153,Male
Robert,Williams,27,129,Male
Sarah,Davis,49,157,Male
Michael,Smith,41,281,Male
Michael,Wilson,25,161,Male
Jessica,Wilson,20,120,Female
John,Miller,65,190,Female
John,Miller,22,230,Female
Robert,Miller,67,159,Male
Amanda,Miller,59,108,Male
Michael,Jones,24,280,Female
Robert,Moore,36,267,Male
David,Davis,60,187,Male
John,Taylor,31,295,Female
David,Smith,40,269,Male
Michael,Johnson,32,233,Male
John,Jones,29,121,Female
Christopher,Davis,31,185,Female
Christopher,Taylor,53,149,Female
Michael,Johnson,43,149,Male
Sarah,Wilson,23,232,Female
Michael,Moore,63,145,Male
Robert,Miller,62,176,Female
Emily,Wilson,39,156,Male
David,Taylor,49,213,Female
Robert,Davis,40,184,Female
Jane,Taylor,41,154,Male
Emily,Davis,43,200,Male
Jessica,Smith,33,207,Female
Christopher,Davis,20,260,Female
Amanda,Williams,21,217,Female
David,Moore,27,241,Male
David,Brown,45,230,Male
Amanda,Moore,62,299,Female
Sarah,Williams,68,210,Male
Sarah,Johnson,33,189,Male
Robert,Jones,68,167,Female
Emily,Williams,55,276,Male
Amanda,Brown,51,141,Female
Christopher,Johnson,64,173,Male
Jane,Taylor,23,228,Female
Michael,Johnson,34,267,Male
Jane,Taylor,55,295,Female
Michael,Davis,51,287,Male
Robert,Miller,69,184,Female
David,Jones,55,284,Male
Michael,Moore,41,214,Male
Robert,Jones,54,192,Female
David,Davis,44,121,Male
Sarah,Davis,19,191,Female
Jane,Williams,68,106,Female
Amanda,Jones,26,137,Female
Sarah,Moore,20,127,Male
Emily,Smith,40,104,Male
John,Williams,60,279,Male
Jane,Taylor,35,192,Female
David,Miller,62,123,Male
David,Davis,25,232,Female
David,Brown,40,257,Female
Emily,Wilson,34,113,Female
Jessica,Wilson,41,151,Male
Christopher,Smith,29,139,Female
Sarah,Miller,31,121,Female
Amanda,Miller,48,250,Male
Christopher,Brown,68,218,Male
Michael,Smith,24,161,Male
Robert,Taylor,29,292,Female
David,Smith,51,272,Male
Robert,Moore,41,252,Female
Emily,Moore,59,188,Male
Jessica,Williams,54,111,Male
David,Wilson,46,199,Female
Michael,Jones,26,127,Male
Christopher,Smith,39,117,Female
Robert,Smith,42,124,Female
Christopher,Jones,56,103,Male
Amanda,Williams,39,204,Male
Christopher,Wilson,20,188,Female
Amanda,Moore,39,116,Female
Sarah,Jones,41,185,Female
Michael,Smith,55,142,Male
John,Johnson,58,195,Male
Sarah,Taylor,63,287,Female
John,Davis,21,185,Male
Robert,Jones,20,195,Female
Emily,Miller,20,203,Female
Michael,Taylor,39,285,Female
Christopher,Wilson,60,245,Female
Amanda,Miller,37,247,Male
Emily,Wilson,30,298,Male
Sarah,Smith,58,196,Male
David,Miller,44,259,Female
Sarah,Jones,48,184,Female
Jane,Wilson,32,283,Male
Michael,Miller,51,133,Female
Sarah,Brown,26,241,Male
Christopher,Brown,22,276,Female
Jessica,Jones,69,167,Male
Christopher,Davis,24,275,Female
Michael,Miller,62,155,Female
Christopher,Miller,56,125,Male
Robert,Jones,60,212,Female
Jane,Brown,58,113,Female
Jessica,Taylor,24,230,Male
Christopher,Wilson,29,284,Male
David,Smith,59,237,Male
Christopher,Davis,21,102,Female
Robert,Miller,41,269,Female
Jessica,Brown,67,178,Male
Emily,Brown,65,134,Male
David,Brown,32,267,Male
John,Davis,66,181,Male
Robert,Moore,23,224,Female
John,Davis,59,266,Male
Emily,Moore,59,225,Female
Christopher,Taylor,69,177,Female
Jane,Williams,60,148,Male
Robert,Smith,51,111,Female
Amanda,Davis,31,136,Male
Jane,Moore,37,104,Male
Jane,Brown,57,251,Female
John,Johnson,25,165,Male
Amanda,Miller,39,109,Female
Jessica,Davis,22,263,Male
Jane,Wilson,70,163,Male
Amanda,Davis,47,161,Female
Amanda,Miller,26,295,Male
Michael,Williams,48,105,Female
Emily,Johnson,28,186,Female
Jessica,Brown,19,277,Male
Jessica,Williams,32,275,Female
Jane,Jones,58,169,Female
Emily,Wilson,47,112,Male
Emily,Smith,32,240,Female
David,Taylor,61,286,Female
Christopher,Miller,24,217,Female
Sarah,Smith,19,136,Female
Christopher,Williams,64,123,Female
Emily,Taylor,35,186,Female
Sarah,Johnson,24,293,Female
David,Jones,59,243,Male
Michael,Jones,37,218,Female
Christopher,Moore,31,124,Male
Michael,Taylor,24,206,Male
Michael,Wilson,70,217,Female
Sarah,Miller,41,270,Male
Robert,Johnson,60,254,Female
Robert,Williams,31,271,Male
Jane,Davis,40,167,Male
Christopher,Johnson,21,267,Male
Jessica,Jones,26,268,Female
Emily,Johnson,22,196,Female
John,Taylor,37,131,Female
Michael,Miller,20,228,Female
Christopher,Moore,18,181,Female
Christopher,Wilson,32,216,Male
Emily,Moore,64,223,Female
Michael,Moore,68,240,Female
Amanda,Moore,47,230,Female
Jane,Johnson,46,269,Male
David,Wilson,37,258,Male
Emily,Miller,40,149,Male
